{
	"system" : {
		"platform" : "windows64",
		"os_name" : "Windows 10",
		"os_version" : "10.0"
	},
	"error" : {
		"executable" : "quartus",
		"comment" : "not_applicable",
		"error_message" : "Access Violation at 0X0000000061F8D64D",
		"source_file" : "unknown",
		"line" : "0",
		"stack_trace" : "\t 0x61f8d64c: QtGui4 + 0x3ad64c (?subWindowList@QMdiArea@@QEBA?AV?$QList@PEAVQMdiSubWindow@@@@W4WindowOrder@1@@Z + 0x2bc)\n\t 0x61f8abd5: QtGui4 + 0x3aabd5 (?qt_metacast@QMdiArea@@UEAAPEAXPEBD@Z + 0x3e5)\n\t 0x61f8bd60: QtGui4 + 0x3abd60 (?resizeEvent@QMdiArea@@MEAAXPEAVQResizeEvent@@@Z + 0x240)\n\t 0x61c41fbd: QtGui4 + 0x61fbd (?event@QWidget@@MEAA_NPEAVQEvent@@@Z + 0x50d)\n\t 0x61f67126: QtGui4 + 0x387126 (?event@QFrame@@MEAA_NPEAVQEvent@@@Z + 0x36)\n\t 0x62e30b22: QtCore4 + 0x110b22 (?sendThroughObjectEventFilters@QCoreApplicationPrivate@@QEAA_NPEAVQObject@@PEAVQEvent@@@Z + 0x82)\n\t 0x61c02c41: QtGui4 + 0x22c41 (?notify_helper@QApplicationPrivate@@QEAA_NPEAVQObject@@PEAVQEvent@@@Z + 0xe1)\n\t 0x61c028ef: QtGui4 + 0x228ef (?notify@QApplication@@UEAA_NPEAVQObject@@PEAVQEvent@@@Z + 0x17bf)\n\t 0x62e2ec4b: QtCore4 + 0x10ec4b (?notifyInternal@QCoreApplication@@AEAA_NPEAVQObject@@PEAVQEvent@@@Z + 0x7b)\n\t 0x61c79bad: QtGui4 + 0x99bad (?setGeometry_sys@QWidgetPrivate@@QEAAXHHHH_N@Z + 0xa7d)\n\t 0x61c4d660: QtGui4 + 0x6d660 (?setGeometry@QWidget@@QEAAXAEBVQRect@@@Z + 0xb0)\n\t 0x61fd8c80: QtGui4 + 0x3f8c80 (?layoutChildren@QAbstractScrollAreaPrivate@@QEAAXXZ + 0x5e0)\n\t 0x61f8e407: QtGui4 + 0x3ae407 (?trUtf8@QMdiArea@@SA?AVQString@@PEBD0H@Z + 0x947)\n\t 0x61f8db3f: QtGui4 + 0x3adb3f (?trUtf8@QMdiArea@@SA?AVQString@@PEBD0H@Z + 0x7f)\n\t 0x61f8e64a: QtGui4 + 0x3ae64a (?viewportEvent@QMdiArea@@MEAA_NPEAVQEvent@@@Z + 0x17a)\n\t 0x62e30b22: QtCore4 + 0x110b22 (?sendThroughObjectEventFilters@QCoreApplicationPrivate@@QEAA_NPEAVQObject@@PEAVQEvent@@@Z + 0x82)\n\t 0x61c02c41: QtGui4 + 0x22c41 (?notify_helper@QApplicationPrivate@@QEAA_NPEAVQObject@@PEAVQEvent@@@Z + 0xe1)\n\t 0x61c028ef: QtGui4 + 0x228ef (?notify@QApplication@@UEAA_NPEAVQObject@@PEAVQEvent@@@Z + 0x17bf)\n\t 0x62e2ec4b: QtCore4 + 0x10ec4b (?notifyInternal@QCoreApplication@@AEAA_NPEAVQObject@@PEAVQEvent@@@Z + 0x7b)\n\t 0x61f90051: QtGui4 + 0x3b0051 (?closeEvent@QMdiSubWindow@@MEAAXPEAVQCloseEvent@@@Z + 0xa1)\n\t0x7ffef9bde322: SYS_QUI + 0x3e322 (?closeEvent@QUI_MDI_SUB_WND@@MEAAXPEAVQCloseEvent@@@Z + 0x182)\n\t 0x61c41fd1: QtGui4 + 0x61fd1 (?event@QWidget@@MEAA_NPEAVQEvent@@@Z + 0x521)\n\t 0x61c02c55: QtGui4 + 0x22c55 (?notify_helper@QApplicationPrivate@@QEAA_NPEAVQObject@@PEAVQEvent@@@Z + 0xf5)\n\t 0x61c028ef: QtGui4 + 0x228ef (?notify@QApplication@@UEAA_NPEAVQObject@@PEAVQEvent@@@Z + 0x17bf)\n\t 0x62e2ec4b: QtCore4 + 0x10ec4b (?notifyInternal@QCoreApplication@@AEAA_NPEAVQObject@@PEAVQEvent@@@Z + 0x7b)\n\t 0x61c3f6e0: QtGui4 + 0x5f6e0 (?close_helper@QWidgetPrivate@@QEAA_NW4CloseMode@1@@Z + 0xb0)\n\t0x7ffef9bc4967: SYS_QUI + 0x24967 (?close_all_in_list@QUI_FRAME_WND@@IEAA_NV?$QList@PEAVQMdiSubWindow@@@@PEAVQMdiSubWindow@@U_GUID@@@Z + 0x227)\n\t0x7ffef9bc4abf: SYS_QUI + 0x24abf (?close_all_windows@QUI_FRAME_WND@@QEAA_NU_GUID@@@Z + 0xff)\n\t0x7ffef9bc463f: SYS_QUI + 0x2463f (?closeEvent@QUI_FRAME_WND@@MEAAXPEAVQCloseEvent@@@Z + 0x1ef)\n\t 0x61c41fd1: QtGui4 + 0x61fd1 (?event@QWidget@@MEAA_NPEAVQEvent@@@Z + 0x521)\n\t 0x61f7e830: QtGui4 + 0x39e830 (?event@QMainWindow@@MEAA_NPEAVQEvent@@@Z + 0x280)\n\t 0x61c02c55: QtGui4 + 0x22c55 (?notify_helper@QApplicationPrivate@@QEAA_NPEAVQObject@@PEAVQEvent@@@Z + 0xf5)\n\t 0x61c028ef: QtGui4 + 0x228ef (?notify@QApplication@@UEAA_NPEAVQObject@@PEAVQEvent@@@Z + 0x17bf)\n\t 0x62e2ec4b: QtCore4 + 0x10ec4b (?notifyInternal@QCoreApplication@@AEAA_NPEAVQObject@@PEAVQEvent@@@Z + 0x7b)\n\t 0x61c3f6e0: QtGui4 + 0x5f6e0 (?close_helper@QWidgetPrivate@@QEAA_NW4CloseMode@1@@Z + 0xb0)\n\t 0x61bfbb02: QtGui4 + 0x1bb02 (?commitData@QApplication@@UEAAXAEAVQSessionManager@@@Z + 0x112)\n\t 0x61c6833d: QtGui4 + 0x8833d (?winMouseButtonUp@QApplication@@SAXXZ + 0x79d)\n\t0x7fff49fee7e7: USER32 + 0xe7e7 (CallWindowProcW + 0x3f7)\n\t0x7fff49fee36b: USER32 + 0xe36b (DispatchMessageW + 0x39b)\n\t0x7fff4a000c22: USER32 + 0x20c22 (SendMessageTimeoutW + 0x142)\n\t0x7fff4b9d0ef3: ntdll + 0xa0ef3 (KiUserCallbackDispatcher + 0x23)\n\t0x7fff49021123: win32u + 0x1123 (NtUserMessageCall + 0x13)\n\t0x7fff49feca84: USER32 + 0xca84 (GetWindowTextW + 0x804)\n\t0x7fff49fec747: USER32 + 0xc747 (GetWindowTextW + 0x4c7)\n\t 0x620e0887: QtGui4 + 0x500887 (?widgetDestroyed@QInputContext@@UEAAXPEAVQWidget@@@Z + 0x307)\n\t 0x61c68b65: QtGui4 + 0x88b65 (?winMouseButtonUp@QApplication@@SAXXZ + 0xfc5)\n\t0x7fff49fee7e7: USER32 + 0xe7e7 (CallWindowProcW + 0x3f7)\n\t0x7fff49fee36b: USER32 + 0xe36b (DispatchMessageW + 0x39b)\n\t0x7fff4a000c22: USER32 + 0x20c22 (SendMessageTimeoutW + 0x142)\n\t0x7fff4b9d0ef3: ntdll + 0xa0ef3 (KiUserCallbackDispatcher + 0x23)\n\t0x7fff49021063: win32u + 0x1063 (NtUserPeekMessage + 0x13)\n\t0x7fff49fea552: USER32 + 0xa552 (PeekMessageW + 0x1e2)\n\t0x7fff49fea4b2: USER32 + 0xa4b2 (PeekMessageW + 0x142)\n\t 0x62e537e3: QtCore4 + 0x1337e3 (?processEvents@QEventDispatcherWin32@@UEAA_NV?$QFlags@W4ProcessEventsFlag@QEventLoop@@@@@Z + 0x243)\n\t 0x61c62004: QtGui4 + 0x82004 (?openPopup@QApplicationPrivate@@QEAAXPEAVQWidget@@@Z + 0x204)\n\t 0x62e2bb7b: QtCore4 + 0x10bb7b (?exec@QEventLoop@@QEAAHV?$QFlags@W4ProcessEventsFlag@QEventLoop@@@@@Z + 0x22b)\n\t 0x62e2e18f: QtCore4 + 0x10e18f (?exec@QCoreApplication@@SAHXZ + 0xdf)\n\t0x7ff7fd8e198b: quartus + 0x198b (?qgq_main@@YAHHPEAPEBD@Z + 0x8b)\n\t0x7ffefccd33a8: CCL_MSG + 0x133a8 (?msg_main_thread@@YAPEAXPEAX@Z + 0x18)\n\t0x7ffefccd4bae: CCL_MSG + 0x14bae (?msg_thread_wrapper@@YAPEAXP6APEAXPEAX@Z0@Z + 0x6e)\n\t0x7fff36fe6af0: ccl_mem + 0x16af0 (?mem_thread_wrapper@@YAPEAXP6APEAXPEAX@Z0@Z + 0x70)\n\t0x7ffefccd2c41: CCL_MSG + 0x12c41 (?msg_exe_main@@YAHHPEAPEBDP6AHH0@Z@Z + 0xa1)\n\t0x7ff7fd8e2777: quartus + 0x2777 (WinMain + 0x127)\n\t0x7ff7fd8e1f40: quartus + 0x1f40 (__tmainCRTStartup + 0x148)\n\t0x7fff4b4b7613: KERNEL32 + 0x17613 (BaseThreadInitThunk + 0x13)\n\t0x7fff4b9826a0: ntdll + 0x526a0 (RtlUserThreadStart + 0x20)\n",
		"subsystem" : "unknown"
	},
	"quartus" : {
		"quartus_bits" : "64",
		"version" : "19.1.0",
		"build" : "670",
		"edition" : "Lite Edition"
	}
}