{
	"partitions" : [
		{
			"name" : "Top",
			"pins" : [
				{
					"name" : "quotient[0]",
					"strict" : false
				},
				{
					"name" : "quotient[1]",
					"strict" : false
				},
				{
					"name" : "quotient[2]",
					"strict" : false
				},
				{
					"name" : "quotient[3]",
					"strict" : false
				},
				{
					"name" : "quotient[4]",
					"strict" : false
				},
				{
					"name" : "quotient[5]",
					"strict" : false
				},
				{
					"name" : "quotient[6]",
					"strict" : false
				},
				{
					"name" : "quotient[7]",
					"strict" : false
				},
				{
					"name" : "quotient[8]",
					"strict" : false
				},
				{
					"name" : "quotient[9]",
					"strict" : false
				},
				{
					"name" : "quotient[10]",
					"strict" : false
				},
				{
					"name" : "quotient[11]",
					"strict" : false
				},
				{
					"name" : "quotient[12]",
					"strict" : false
				},
				{
					"name" : "quotient[13]",
					"strict" : false
				},
				{
					"name" : "quotient[14]",
					"strict" : false
				},
				{
					"name" : "quotient[15]",
					"strict" : false
				},
				{
					"name" : "quotient[16]",
					"strict" : false
				},
				{
					"name" : "quotient[17]",
					"strict" : false
				},
				{
					"name" : "quotient[18]",
					"strict" : false
				},
				{
					"name" : "quotient[19]",
					"strict" : false
				},
				{
					"name" : "remainder[0]",
					"strict" : false
				},
				{
					"name" : "remainder[1]",
					"strict" : false
				},
				{
					"name" : "remainder[2]",
					"strict" : false
				},
				{
					"name" : "remainder[3]",
					"strict" : false
				},
				{
					"name" : "remainder[4]",
					"strict" : false
				},
				{
					"name" : "remainder[5]",
					"strict" : false
				},
				{
					"name" : "remainder[6]",
					"strict" : false
				},
				{
					"name" : "remainder[7]",
					"strict" : false
				},
				{
					"name" : "remainder[8]",
					"strict" : false
				},
				{
					"name" : "remainder[9]",
					"strict" : false
				},
				{
					"name" : "remainder[10]",
					"strict" : false
				},
				{
					"name" : "remainder[11]",
					"strict" : false
				},
				{
					"name" : "remainder[12]",
					"strict" : false
				},
				{
					"name" : "remainder[13]",
					"strict" : false
				},
				{
					"name" : "remainder[14]",
					"strict" : false
				},
				{
					"name" : "remainder[15]",
					"strict" : false
				},
				{
					"name" : "remainder[16]",
					"strict" : false
				},
				{
					"name" : "remainder[17]",
					"strict" : false
				},
				{
					"name" : "remainder[18]",
					"strict" : false
				},
				{
					"name" : "remainder[19]",
					"strict" : false
				},
				{
					"name" : "clk",
					"strict" : false
				},
				{
					"name" : "rst",
					"strict" : false
				},
				{
					"name" : "start",
					"strict" : false
				},
				{
					"name" : "div_input[3]",
					"strict" : false
				},
				{
					"name" : "div_input[19]",
					"strict" : false
				},
				{
					"name" : "location[1]",
					"strict" : false
				},
				{
					"name" : "location[0]",
					"strict" : false
				},
				{
					"name" : "div_input[11]",
					"strict" : false
				},
				{
					"name" : "location[3]",
					"strict" : false
				},
				{
					"name" : "location[2]",
					"strict" : false
				},
				{
					"name" : "location[4]",
					"strict" : false
				},
				{
					"name" : "location[5]",
					"strict" : false
				},
				{
					"name" : "location[6]",
					"strict" : false
				},
				{
					"name" : "location[7]",
					"strict" : false
				},
				{
					"name" : "location[8]",
					"strict" : false
				},
				{
					"name" : "location[9]",
					"strict" : false
				},
				{
					"name" : "location[10]",
					"strict" : false
				},
				{
					"name" : "div_input[2]",
					"strict" : false
				},
				{
					"name" : "div_input[18]",
					"strict" : false
				},
				{
					"name" : "div_input[10]",
					"strict" : false
				},
				{
					"name" : "div_input[1]",
					"strict" : false
				},
				{
					"name" : "div_input[17]",
					"strict" : false
				},
				{
					"name" : "div_input[9]",
					"strict" : false
				},
				{
					"name" : "div_input[0]",
					"strict" : false
				},
				{
					"name" : "div_input[16]",
					"strict" : false
				},
				{
					"name" : "div_input[8]",
					"strict" : false
				},
				{
					"name" : "div_input[7]",
					"strict" : false
				},
				{
					"name" : "div_input[15]",
					"strict" : false
				},
				{
					"name" : "div_input[6]",
					"strict" : false
				},
				{
					"name" : "div_input[14]",
					"strict" : false
				},
				{
					"name" : "div_input[5]",
					"strict" : false
				},
				{
					"name" : "div_input[13]",
					"strict" : false
				},
				{
					"name" : "div_input[4]",
					"strict" : false
				},
				{
					"name" : "div_input[12]",
					"strict" : false
				},
				{
					"name" : "location[11]",
					"strict" : false
				}
			]
		}
	]
}