{
	"partitions" : [
		{
			"name" : "Top",
			"pins" : [
				{
					"name" : "PC[0]",
					"strict" : false
				},
				{
					"name" : "PC[1]",
					"strict" : false
				},
				{
					"name" : "PC[2]",
					"strict" : false
				},
				{
					"name" : "PC[3]",
					"strict" : false
				},
				{
					"name" : "PC[4]",
					"strict" : false
				},
				{
					"name" : "PC[5]",
					"strict" : false
				},
				{
					"name" : "PC[6]",
					"strict" : false
				},
				{
					"name" : "PC[7]",
					"strict" : false
				},
				{
					"name" : "PC[8]",
					"strict" : false
				},
				{
					"name" : "PC[9]",
					"strict" : false
				},
				{
					"name" : "PC[10]",
					"strict" : false
				},
				{
					"name" : "PC[11]",
					"strict" : false
				},
				{
					"name" : "PC[12]",
					"strict" : false
				},
				{
					"name" : "PC[13]",
					"strict" : false
				},
				{
					"name" : "PC[14]",
					"strict" : false
				},
				{
					"name" : "PC[15]",
					"strict" : false
				},
				{
					"name" : "PC[16]",
					"strict" : false
				},
				{
					"name" : "PC[17]",
					"strict" : false
				},
				{
					"name" : "PC[18]",
					"strict" : false
				},
				{
					"name" : "PC[19]",
					"strict" : false
				},
				{
					"name" : "PC[20]",
					"strict" : false
				},
				{
					"name" : "PC[21]",
					"strict" : false
				},
				{
					"name" : "PC[22]",
					"strict" : false
				},
				{
					"name" : "PC[23]",
					"strict" : false
				},
				{
					"name" : "PC[24]",
					"strict" : false
				},
				{
					"name" : "PC[25]",
					"strict" : false
				},
				{
					"name" : "PC[26]",
					"strict" : false
				},
				{
					"name" : "PC[27]",
					"strict" : false
				},
				{
					"name" : "PC[28]",
					"strict" : false
				},
				{
					"name" : "PC[29]",
					"strict" : false
				},
				{
					"name" : "PC[30]",
					"strict" : false
				},
				{
					"name" : "PC[31]",
					"strict" : false
				},
				{
					"name" : "quotient[0]",
					"strict" : false
				},
				{
					"name" : "quotient[1]",
					"strict" : false
				},
				{
					"name" : "quotient[2]",
					"strict" : false
				},
				{
					"name" : "quotient[3]",
					"strict" : false
				},
				{
					"name" : "quotient[4]",
					"strict" : false
				},
				{
					"name" : "quotient[5]",
					"strict" : false
				},
				{
					"name" : "quotient[6]",
					"strict" : false
				},
				{
					"name" : "quotient[7]",
					"strict" : false
				},
				{
					"name" : "quotient[8]",
					"strict" : false
				},
				{
					"name" : "quotient[9]",
					"strict" : false
				},
				{
					"name" : "quotient[10]",
					"strict" : false
				},
				{
					"name" : "quotient[11]",
					"strict" : false
				},
				{
					"name" : "quotient[12]",
					"strict" : false
				},
				{
					"name" : "quotient[13]",
					"strict" : false
				},
				{
					"name" : "quotient[14]",
					"strict" : false
				},
				{
					"name" : "quotient[15]",
					"strict" : false
				},
				{
					"name" : "quotient[16]",
					"strict" : false
				},
				{
					"name" : "quotient[17]",
					"strict" : false
				},
				{
					"name" : "quotient[18]",
					"strict" : false
				},
				{
					"name" : "quotient[19]",
					"strict" : false
				},
				{
					"name" : "remainder[0]",
					"strict" : false
				},
				{
					"name" : "remainder[1]",
					"strict" : false
				},
				{
					"name" : "remainder[2]",
					"strict" : false
				},
				{
					"name" : "remainder[3]",
					"strict" : false
				},
				{
					"name" : "remainder[4]",
					"strict" : false
				},
				{
					"name" : "remainder[5]",
					"strict" : false
				},
				{
					"name" : "remainder[6]",
					"strict" : false
				},
				{
					"name" : "remainder[7]",
					"strict" : false
				},
				{
					"name" : "remainder[8]",
					"strict" : false
				},
				{
					"name" : "remainder[9]",
					"strict" : false
				},
				{
					"name" : "remainder[10]",
					"strict" : false
				},
				{
					"name" : "remainder[11]",
					"strict" : false
				},
				{
					"name" : "remainder[12]",
					"strict" : false
				},
				{
					"name" : "remainder[13]",
					"strict" : false
				},
				{
					"name" : "remainder[14]",
					"strict" : false
				},
				{
					"name" : "remainder[15]",
					"strict" : false
				},
				{
					"name" : "remainder[16]",
					"strict" : false
				},
				{
					"name" : "remainder[17]",
					"strict" : false
				},
				{
					"name" : "remainder[18]",
					"strict" : false
				},
				{
					"name" : "remainder[19]",
					"strict" : false
				},
				{
					"name" : "div_start",
					"strict" : false
				},
				{
					"name" : "clock",
					"strict" : false
				},
				{
					"name" : "reset",
					"strict" : false
				}
			]
		}
	]
}